<?xml version="1.0" encoding="UTF-8"?>

<ValueSet xmlns="http://hl7.org/fhir">
  <id value="ModifiedAdministrativeGender"/>
  <text>
    <status value="extensions"/><div xmlns="http://www.w3.org/1999/xhtml"><p class="res-header-id"><b>Narratif généré : EnsembleValeurs ModifiedAdministrativeGender</b></p><a name="ModifiedAdministrativeGender"> </a><a name="hcModifiedAdministrativeGender"> </a><p>Ce jeu de valeur (ValueSet) inclut les codes selon les règles suivantes :</p><ul><li>Inclut tous les codes définis dans <a href="http://hl7.org/fhir/R4/codesystem-administrative-gender.html"><code>http://hl7.org/fhir/administrative-gender</code></a><span title="La version nest pas explicitement indiquée, ce qui signifie quelle est fixée à 4.0.1, la version trouvée via les références de package"> version &#x1F4E6;4.0.1</span></li></ul><p>Ce jeu de valeur (ValueSet) exclut les codes selon les règles suivantes :</p><ul><li>Exclut ce(s) code(s) tel quil(s) est (sont) défini(s) dans <a href="http://hl7.org/fhir/R4/codesystem-administrative-gender.html"><code>http://hl7.org/fhir/administrative-gender</code></a><span title="La version nest pas explicitement indiquée, ce qui signifie quelle est fixée à 4.0.1, la version trouvée via les références de package"> version &#x1F4E6;4.0.1</span><table class="none"><tr><td style="white-space:nowrap"><b>Code</b></td><td><b>Affichage</b></td><td><b>Définition</b></td></tr><tr><td><a href="http://hl7.org/fhir/R4/codesystem-administrative-gender.html#administrative-gender-unknown">unknown</a></td><td style="color: #cccccc">Unknown</td><td>Unknown.</td></tr></table></li></ul></div>
  </text>
  <url value="https://interop.esante.gouv.fr/ig/fhir/[code]/ValueSet/ModifiedAdministrativeGender"/>
  <version value="0.1.0"/>
  <name value="ModifiedAdministrativeGender"/>
  <title value="ModifiedAdministrativeGender"/>
  <status value="draft"/>
  <date value="2026-01-08T09:17:31+00:00"/>
  <publisher value="Agence du Numérique en Santé (ANS) - 2-10 Rue d'Oradour-sur-Glane, 75015 Paris"/>
  <contact>
    <name value="Agence du Numérique en Santé (ANS) - 2-10 Rue d'Oradour-sur-Glane, 75015 Paris"/>
    <telecom>
      <system value="url"/>
      <value value="https://esante.gouv.fr"/>
    </telecom>
  </contact>
  <description value="AdministrativeGender without unknown code"/>
  <jurisdiction>
    <coding>
      <system value="urn:iso:std:iso:3166"/>
      <code value="FR"/>
      <display value="FRANCE"/>
    </coding>
  </jurisdiction>
  <compose>
    <include>
      <system value="http://hl7.org/fhir/administrative-gender"/>
    </include>
    <exclude>
      <system value="http://hl7.org/fhir/administrative-gender"/>
      <concept>
        <code value="unknown"/>
      </concept>
    </exclude>
  </compose>
</ValueSet>